model,train_pct,qf_n,qh_n,qf_pre,qf_post,qh_pre,qh_post,qh_gain
altpo,20,37,152,0.028,0.206,0.06,0.063,0.003
altpo,40,78,111,0.02,0.214,0.075,0.107,0.032
altpo,60,111,78,0.044,0.146,0.071,0.107,0.036
altpo,80,152,37,0.047,0.122,0.064,0.109,0.045
rmu,20,37,152,0.657,0.965,0.547,0.526,-0.021
rmu,40,78,111,0.612,0.916,0.535,0.256,-0.279
rmu,60,111,78,0.605,0.8,0.518,0.257,-0.261
rmu,80,152,37,0.569,0.767,0.534,0.389,-0.145
simnpo,20,37,152,0.242,0.622,0.16,0.16,0.0
simnpo,40,78,111,0.163,0.637,0.185,0.199,0.014
simnpo,60,111,78,0.175,0.579,0.171,0.192,0.021
simnpo,80,152,37,0.178,0.496,0.16,0.23,0.07
